{
  "demo_timestamp": 1754367498.4395142,
  "trajectory_points": 90,
  "simulation_steps": 1,
  "quality_metrics": {},
  "total_reward": 0.29292893218813454
}