{
  "demo_timestamp": 1754397022.865713,
  "trajectory_points": 65,
  "simulation_steps": 1,
  "quality_metrics": {},
  "total_reward": 0.29292893218813454
}